,,val/top1,val/l0_model,val/l0_model,val/params,val/params,val/macs,val/macs,val/top1,val/top1
,,min,last,last,last,last,last,last,last,last
,,min,mean,conf95_width,mean,conf95_width,mean,conf95_width,mean,conf95_width
lmbdas,target_density,,,,,,,,,
None,[0.1],0.56,12.235749661922455,0.22622520290661055,7.749559246543565,0.2770253544818788,46.468671711507305,1.812721584490813,1.012,0.048566885837986386
None,"[0.5, 0.3, 0.7, 0.1]",0.7,67.00690984725952,0.031187703524892797,2.3488447619931336,0.09786465713085787,14.864231907972481,0.3048461036194604,0.9059999999999999,0.05317346706770209
