,,val/top1,val/l0_model,val/l0_model,val/params,val/params,val/macs,val/macs,val/top1,val/top1
,,min,last,last,last,last,last,last,last,last
,,min,mean,conf95_width,mean,conf95_width,mean,conf95_width,mean,conf95_width
lmbdas,target_density,,,,,,,,,
None,"[0.3, 0.3, 0.3]",1.58,30.867204070091248,0.09766609908561921,7.58823750046885,0.13290925077518473,7.61716789633347,0.13316949660397992,2.192,0.1153572815213675
None,[0.33],1.36,34.16940093040466,0.04829731476035404,26.57612242601553,0.3464047686948367,26.661248642372943,0.3473901475833652,1.768,0.08114494685437906
